cycle,range_bin,doppler_bin,output_hex
1038385000,0,0,004cff69
1038395000,0,1,fff401dc
1038405000,0,2,00a2fdd0
1038415000,0,3,ff5401a2
1038425000,0,4,fe51ff23
1038435000,0,5,049300b2
1038445000,0,6,fcb80120
1038455000,0,7,00f7fd99
1038465000,0,8,fea4010b
1038475000,0,9,025700cb
1038485000,0,10,fddefd1c
1038495000,0,11,014b0507
1038505000,0,12,ffb3fc77
1038515000,0,13,00320047
1038525000,0,14,0006ffcb
1038535000,0,15,000f010f
1038545000,0,16,ffd8febf
1038555000,0,17,ffb0019a
1038565000,0,18,00b6feb8
1038575000,0,19,ffaa0112
1038585000,0,20,0057ffbb
1038595000,0,21,fef7fec8
1038605000,0,22,006e000e
1038615000,0,23,ff19ffc7
1038625000,0,24,0288027d
1038635000,0,25,fec9fe6f
1038645000,0,26,fffaffb0
1038655000,0,27,ffe700b5
1038665000,0,28,0005ffdb
1038675000,0,29,ff30ff17
1038685000,0,30,0204ffc3
1038695000,0,31,fdf100a9
1042975000,1,0,ffff0123
1042985000,1,1,00b8ff6a
1042995000,1,2,008b0051
1043005000,1,3,ff8800ad
1043015000,1,4,ff4bff8a
1043025000,1,5,0183ff94
1043035000,1,6,fed1ffb3
1043045000,1,7,ffdd0106
1043055000,1,8,ff0ffefb
1043065000,1,9,014801b3
1043075000,1,10,00c4fdca
1043085000,1,11,ff4102cb
1043095000,1,12,ff68fdb5
1043105000,1,13,0007ffb8
1043115000,1,14,018f0201
1043125000,1,15,ff80fdbd
1043135000,1,16,fe51011f
1043145000,1,17,01aa00a6
1043155000,1,18,fee1ff79
1043165000,1,19,00c20079
1043175000,1,20,fe41fffa
1043185000,1,21,0289ff16
1043195000,1,22,ff13014f
1043205000,1,23,fe91fd50
1043215000,1,24,046d03b3
1043225000,1,25,fc0efdc1
1043235000,1,26,015c0060
1043245000,1,27,ff4100c3
1043255000,1,28,00e0ff8f
1043265000,1,29,ffb5feca
1043275000,1,30,00b10161
1043285000,1,31,fe76fe79
1047565000,2,0,00ffff95
1047575000,2,1,fedc002a
1047585000,2,2,01e5001f
1047595000,2,3,fe7c000b
1047605000,2,4,fea7ff68
1047615000,2,5,0304027c
1047625000,2,6,feadfd80
1047635000,2,7,012501bd
1047645000,2,8,fd6cfeed
1047655000,2,9,01ed0132
1047665000,2,10,008afe01
1047675000,2,11,fe8b00c3
1047685000,2,12,00760066
1047695000,2,13,fffdfe58
1047705000,2,14,00fb0110
1047715000,2,15,ffaa0139
1047725000,2,16,feb5ffc1
1047735000,2,17,01c2fe88
1047745000,2,18,fd9d0235
1047755000,2,19,020cfd87
1047765000,2,20,ff0b005a
1047775000,2,21,ff9a00c4
1047785000,2,22,0165ffea
1047795000,2,23,fe91fff1
1047805000,2,24,01f40131
1047815000,2,25,fe31fdcc
1047825000,2,26,0118022f
1047835000,2,27,ff09fcfb
1047845000,2,28,00dc03fc
1047855000,2,29,fe81fd70
1047865000,2,30,02a7009a
1047875000,2,31,fdbcffe1
1052155000,3,0,0080fff9
1052165000,3,1,ffb5ff57
1052175000,3,2,00d600b3
1052185000,3,3,ffe900c3
1052195000,3,4,fd92fde5
1052205000,3,5,039a0330
1052215000,3,6,fea4fd9c
1052225000,3,7,ffb20171
1052235000,3,8,ffc7ff5d
1052245000,3,9,00fa0003
1052255000,3,10,feb8ff83
1052265000,3,11,00fc00ed
1052275000,3,12,fffbff2a
1052285000,3,13,ff77fefa
1052295000,3,14,00140122
1052305000,3,15,004b0115
1052315000,3,16,0154ff5d
1052325000,3,17,fdefffc5
1052335000,3,18,00b4003d
1052345000,3,19,0087ffa5
1052355000,3,20,fe7afff9
1052365000,3,21,00b4fe30
1052375000,3,22,ffa40362
1052385000,3,23,004efcf3
1052395000,3,24,0209037d
1052405000,3,25,fdc6fdf5
1052415000,3,26,016effcd
1052425000,3,27,fe7c0117
1052435000,3,28,00fdfea0
1052445000,3,29,feffffc2
1052455000,3,30,01dc0168
1052465000,3,31,fe15ff4b
1056745000,4,0,feed00e2
1056755000,4,1,0189ffeb
1056765000,4,2,00a9fef7
1056775000,4,3,fdcb01d7
1056785000,4,4,0093ff6d
1056795000,4,5,0292ff98
1056805000,4,6,fdba008d
1056815000,4,7,ffbf0014
1056825000,4,8,0125ff8b
1056835000,4,9,ff2a0064
1056845000,4,10,ffe7fec2
1056855000,4,11,004702a1
1056865000,4,12,002ffd1a
1056875000,4,13,ff0300bc
1056885000,4,14,00f800bb
1056895000,4,15,00b30011
1056905000,4,16,ff2fffa6
1056915000,4,17,00af017b
1056925000,4,18,fecffdb7
1056935000,4,19,00990163
1056945000,4,20,ff41ff8b
1056955000,4,21,001aff5e
1056965000,4,22,00b6018b
1056975000,4,23,fe8dfdbc
1056985000,4,24,04570439
1056995000,4,25,fbfefc12
1057005000,4,26,01e90120
1057015000,4,27,ff690025
1057025000,4,28,feb5fffa
1057035000,4,29,0259ff42
1057045000,4,30,ffa00195
1057055000,4,31,fee5fdff
1061335000,5,0,012d014d
1061345000,5,1,fea70090
1061355000,5,2,0037fed9
1061365000,5,3,0129015a
1061375000,5,4,feacffd0
1061385000,5,5,01bdffc4
1061395000,5,6,fe71feca
1061405000,5,7,012d01c9
1061415000,5,8,fe1afeb8
1061425000,5,9,012100ea
1061435000,5,10,ff66ff8a
1061445000,5,11,01f80154
1061455000,5,12,fdecfdae
1061465000,5,13,00e300e1
1061475000,5,14,0158ffa9
1061485000,5,15,fd6c002b
1061495000,5,16,02a10075
1061505000,5,17,fe650044
1061515000,5,18,fec5ffaf
1061525000,5,19,013bfef8
1061535000,5,20,ffe601be
1061545000,5,21,000bfe5a
1061555000,5,22,ff9d008a
1061565000,5,23,ffd90165
1061575000,5,24,02c4fe92
1061585000,5,25,fd67006e
1061595000,5,26,002e0036
1061605000,5,27,009cff6a
1061615000,5,28,000e00c0
1061625000,5,29,fff1fead
1061635000,5,30,ff220233
1061645000,5,31,0016fd3f
1065925000,6,0,ff64fffd
1065935000,6,1,0210ff66
1065945000,6,2,fda90089
1065955000,6,3,0140ff0f
1065965000,6,4,ff1a0141
1065975000,6,5,018f0078
1065985000,6,6,fe900041
1065995000,6,7,00abfd04
1066005000,6,8,fff702fd
1066015000,6,9,00f9feaa
1066025000,6,10,fea3ffc1
1066035000,6,11,ff1bfffa
1066045000,6,12,01c400ae
1066055000,6,13,ff2b00b8
1066065000,6,14,0083fe1c
1066075000,6,15,0032010e
1066085000,6,16,0006ffc1
1066095000,6,17,00b8ff4c
1066105000,6,18,fdeb0229
1066115000,6,19,fff6fe37
1066125000,6,20,01380065
1066135000,6,21,fe9b0058
1066145000,6,22,00e0fe33
1066155000,6,23,01450296
1066165000,6,24,fe9bfe09
1066175000,6,25,00d702b8
1066185000,6,26,001dfd1d
1066195000,6,27,fed301fc
1066205000,6,28,0206ffa0
1066215000,6,29,fcf3fecc
1066225000,6,30,0271ffc8
1066235000,6,31,ff0a0114
1070515000,7,0,ff5b02fa
1070525000,7,1,01cdfee8
1070535000,7,2,fedafeb3
1070545000,7,3,0072027a
1070555000,7,4,ffbcfe44
1070565000,7,5,02250067
1070575000,7,6,fe8400b0
1070585000,7,7,001effd4
1070595000,7,8,ff00ffd0
1070605000,7,9,001b004e
1070615000,7,10,00b4fe62
1070625000,7,11,01e10173
1070635000,7,12,fc81fea8
1070645000,7,13,025a0091
1070655000,7,14,ff0c00cc
1070665000,7,15,0088fead
1070675000,7,16,ff190144
1070685000,7,17,00e9feda
1070695000,7,18,ff5a010f
1070705000,7,19,ff28006a
1070715000,7,20,016cfdfa
1070725000,7,21,ff3d01eb
1070735000,7,22,0072ff00
1070745000,7,23,ff5a001e
1070755000,7,24,00b8ff82
1070765000,7,25,fef70258
1070775000,7,26,0190fe48
1070785000,7,27,fe29ffe1
1070795000,7,28,022b018a
1070805000,7,29,feacfded
1070815000,7,30,01f60228
1070825000,7,31,fdbcfce1
1075105000,8,0,00f20141
1075115000,8,1,ffe0feb3
1075125000,8,2,006b0077
1075135000,8,3,fecd0038
1075145000,8,4,ffe60046
1075155000,8,5,0345003e
1075165000,8,6,fc2f003a
1075175000,8,7,01c6ff6d
1075185000,8,8,0095ff03
1075195000,8,9,feae0136
1075205000,8,10,ffd8fe72
1075215000,8,11,00970408
1075225000,8,12,003efc42
1075235000,8,13,fee80117
1075245000,8,14,011f001f
1075255000,8,15,002afe47
1075265000,8,16,ff80021d
1075275000,8,17,0180ff7d
1075285000,8,18,fd350023
1075295000,8,19,018dffb6
1075305000,8,20,ffc8011e
1075315000,8,21,ff25feda
1075325000,8,22,012dffd0
1075335000,8,23,fe08ff21
1075345000,8,24,0431024f
1075355000,8,25,fd12ffe2
1075365000,8,26,0020fec4
1075375000,8,27,013fff92
1075385000,8,28,fefc0122
1075395000,8,29,0056ff99
1075405000,8,30,00bd002f
1075415000,8,31,fe20fef3
1079695000,9,0,00e8ff9a
1079705000,9,1,0013fffe
1079715000,9,2,008500c3
1079725000,9,3,ff45fed8
1079735000,9,4,ff3affa1
1079745000,9,5,02250242
1079755000,9,6,fdcaffaa
1079765000,9,7,01d6ff7d
1079775000,9,8,fdedff7c
1079785000,9,9,03500100
1079795000,9,10,fd79fde5
1079805000,9,11,feef01e3
1079815000,9,12,02f0ff55
1079825000,9,13,fdbb0035
1079835000,9,14,00f4ff0d
1079845000,9,15,007101d8
1079855000,9,16,ff2effb2
1079865000,9,17,01d5fed8
1079875000,9,18,fd0f0135
1079885000,9,19,012bff1a
1079895000,9,20,00e00061
1079905000,9,21,fe9dffb8
1079915000,9,22,016cfffc
1079925000,9,23,fef6ff73
1079935000,9,24,00f101f8
1079945000,9,25,ffe8fec2
1079955000,9,26,ffab00e7
1079965000,9,27,ffc1fe2b
1079975000,9,28,008a0139
1079985000,9,29,fff3ff41
1079995000,9,30,01060089
1080005000,9,31,fda3ffe0
1084285000,10,0,00fafeba
1084295000,10,1,00b0010f
1084305000,10,2,febbff3d
1084315000,10,3,001fff95
1084325000,10,4,ff49004f
1084335000,10,5,022102b7
1084345000,10,6,fe4afd98
1084355000,10,7,016b007a
1084365000,10,8,fe3b0076
1084375000,10,9,01c9ff9f
1084385000,10,10,ff05fea3
1084395000,10,11,feec0293
1084405000,10,12,031cfde5
1084415000,10,13,fd02ffcf
1084425000,10,14,029c00ae
1084435000,10,15,ff060083
1084445000,10,16,fec6ff88
1084455000,10,17,014eff79
1084465000,10,18,fd8301f7
1084475000,10,19,01d9fdb3
1084485000,10,20,00d50199
1084495000,10,21,ff1ffec3
1084505000,10,22,00cc0152
1084515000,10,23,fea3fe48
1084525000,10,24,00f901dc
1084535000,10,25,ffd9fedd
1084545000,10,26,ff910059
1084555000,10,27,ffb4ff11
1084565000,10,28,01b2016f
1084575000,10,29,feae0013
1084585000,10,30,009aff48
1084595000,10,31,fec4008f
1088875000,11,0,0303fff4
1088885000,11,1,ff2901fa
1088895000,11,2,ff46fe76
1088905000,11,3,010a0003
1088915000,11,4,fd480092
1088925000,11,5,049a0181
1088935000,11,6,fd86fe4b
1088945000,11,7,ffde0041
1088955000,11,8,005f002f
1088965000,11,9,ff7700d5
1088975000,11,10,006ffd93
1088985000,11,11,ff3d02d3
1088995000,11,12,01defd61
1089005000,11,13,fed20186
1089015000,11,14,0081ffac
1089025000,11,15,ffbdff79
1089035000,11,16,ffcb0174
1089045000,11,17,fed50008
1089055000,11,18,011afe98
1089065000,11,19,0156001f
1089075000,11,20,ff080170
1089085000,11,21,ff7efe05
1089095000,11,22,005401d1
1089105000,11,23,ff16fdff
1089115000,11,24,011f025d
1089125000,11,25,008ffddd
1089135000,11,26,fecd01b3
1089145000,11,27,0113ff37
1089155000,11,28,ffceff89
1089165000,11,29,ff3a0130
1089175000,11,30,0211ffc4
1089185000,11,31,fc27fe6b
1093465000,12,0,00b000e8
1093475000,12,1,ff6cffc3
1093485000,12,2,002f0006
1093495000,12,3,006700a9
1093505000,12,4,fdae008e
1093515000,12,5,0447ff38
1093525000,12,6,fdb10044
1093535000,12,7,00510064
1093545000,12,8,ff1eff07
1093555000,12,9,00360103
1093565000,12,10,0094fd1c
1093575000,12,11,0006052e
1093585000,12,12,fff8fafd
1093595000,12,13,011a0143
1093605000,12,14,fe500282
1093615000,12,15,0108fd98
1093625000,12,16,ffba0132
1093635000,12,17,ff92ffaf
1093645000,12,18,ff71ff86
1093655000,12,19,0095ffcd
1093665000,12,20,0182fffe
1093675000,12,21,fda1fff2
1093685000,12,22,0179017c
1093695000,12,23,fe7ffeda
1093705000,12,24,024c000b
1093715000,12,25,fee4ffd3
1093725000,12,26,ffd40084
1093735000,12,27,ff760044
1093745000,12,28,0154ff63
1093755000,12,29,ff36fff3
1093765000,12,30,005e00ca
1093775000,12,31,ff30fe4a
1098055000,13,0,fe260064
1098065000,13,1,01d7ffec
1098075000,13,2,fdecfe7e
1098085000,13,3,0232019d
1098095000,13,4,fddd01b2
1098105000,13,5,0395fc8b
1098115000,13,6,fdf90234
1098125000,13,7,ffccfe4c
1098135000,13,8,004b02aa
1098145000,13,9,fffdfd6d
1098155000,13,10,ffd60058
1098165000,13,11,fec001ff
1098175000,13,12,016dfda9
1098185000,13,13,00970098
1098195000,13,14,ff1500f3
1098205000,13,15,0035fdc7
1098215000,13,16,00900178
1098225000,13,17,fffb0062
1098235000,13,18,fe70ff6e
1098245000,13,19,00d8007b
1098255000,13,20,ff47ff32
1098265000,13,21,ffd300bf
1098275000,13,22,01d9ff48
1098285000,13,23,fe18018e
1098295000,13,24,01e3ff7e
1098305000,13,25,fe19ff69
1098315000,13,26,022aff40
1098325000,13,27,feb20189
1098335000,13,28,003bff87
1098345000,13,29,ff69fefa
1098355000,13,30,015d01d5
1098365000,13,31,ffcbfedf
1102645000,14,0,fe0b0048
1102655000,14,1,02a0ff70
1102665000,14,2,ffa800fa
1102675000,14,3,fe5bff52
1102685000,14,4,008400d8
1102695000,14,5,01d0ffb3
1102705000,14,6,ff15fefe
1102715000,14,7,fdda01c2
1102725000,14,8,015ffeb7
1102735000,14,9,018600fa
1102745000,14,10,ff0afe54
1102755000,14,11,ffcb026a
1102765000,14,12,01bffe7a
1102775000,14,13,fd00ff4f
1102785000,14,14,0241ff78
1102795000,14,15,003b013a
1102805000,14,16,fd65ffc2
1102815000,14,17,02ea00d6
1102825000,14,18,fd24ff26
1102835000,14,19,01830030
1102845000,14,20,ff680034
1102855000,14,21,ffdaff6d
1102865000,14,22,016500e4
1102875000,14,23,ff62fde4
1102885000,14,24,00950247
1102895000,14,25,fe58fe54
1102905000,14,26,015a0248
1102915000,14,27,fea3fe9c
1102925000,14,28,012900e2
1102935000,14,29,ff4efe85
1102945000,14,30,00cd00ca
1102955000,14,31,ffedffc0
1107235000,15,0,ff7b0038
1107245000,15,1,0108ff9e
1107255000,15,2,0002ffb4
1107265000,15,3,ffd6fe66
1107275000,15,4,ff370249
1107285000,15,5,01de007d
1107295000,15,6,fe35feb3
1107305000,15,7,005d00b0
1107315000,15,8,004cff76
1107325000,15,9,0098019a
1107335000,15,10,fdd1fd00
1107345000,15,11,00e60299
1107355000,15,12,01ddfdf7
1107365000,15,13,fe3d0196
1107375000,15,14,00a8ff72
1107385000,15,15,0095ff77
1107395000,15,16,fe7d00ec
1107405000,15,17,01d2feca
1107415000,15,18,fdb60246
1107425000,15,19,0028fe22
1107435000,15,20,017100f9
1107445000,15,21,fee4ff75
1107455000,15,22,00bdffc9
1107465000,15,23,00090044
1107475000,15,24,00b00202
1107485000,15,25,ff56fd0e
1107495000,15,26,0087017e
1107505000,15,27,ff34feb7
1107515000,15,28,0127013b
1107525000,15,29,fd71ff28
1107535000,15,30,036600aa
1107545000,15,31,fe05ffdd
1111825000,16,0,000bfffa
1111835000,16,1,011700d4
1111845000,16,2,0003ff74
1111855000,16,3,fe8200a0
1111865000,16,4,fed9ff9a
1111875000,16,5,04780186
1111885000,16,6,fcd2fea6
1111895000,16,7,ffccffa9
1111905000,16,8,010a0002
1111915000,16,9,ff3f00b5
1111925000,16,10,00ddfeae
1111935000,16,11,ff76040b
1111945000,16,12,00c6fb78
1111955000,16,13,ff4401b9
1111965000,16,14,ff8effbb
1111975000,16,15,0235fed0
1111985000,16,16,fd870268
1111995000,16,17,01f1ff02
1112005000,16,18,fe7fff2e
1112015000,16,19,ff22019a
1112025000,16,20,019bfeb6
1112035000,16,21,ff9e0018
1112045000,16,22,00260140
1112055000,16,23,fef2fdd7
1112065000,16,24,03ac02ec
1112075000,16,25,fc99fd89
1112085000,16,26,015100dc
1112095000,16,27,ff9eff63
1112105000,16,28,ff8e00b8
1112115000,16,29,ffc6ff85
1112125000,16,30,016a0133
1112135000,16,31,fea5fe48
1116415000,17,0,015dff4e
1116425000,17,1,0051ffdc
1116435000,17,2,fe38ffe5
1116445000,17,3,0308012a
1116455000,17,4,fc40fec7
1116465000,17,5,03c10115
1116475000,17,6,fce1012b
1116485000,17,7,0171fdbb
1116495000,17,8,0040ffc0
1116505000,17,9,ff570255
1116515000,17,10,fff6fe0e
1116525000,17,11,ffdf021c
1116535000,17,12,0122fd6e
1116545000,17,13,ff58010d
1116555000,17,14,ffb40042
1116565000,17,15,00a2feb8
1116575000,17,16,0019013c
1116585000,17,17,ff31ff30
1116595000,17,18,ff9e01f1
1116605000,17,19,00e80022
1116615000,17,20,ff58fda9
1116625000,17,21,ffdf00d1
1116635000,17,22,01a10103
1116645000,17,23,fde1fdbd
1116655000,17,24,02ea029a
1116665000,17,25,fd47fe1f
1116675000,17,26,021c0128
1116685000,17,27,fe8dff20
1116695000,17,28,0036013e
1116705000,17,29,ffe0fec5
1116715000,17,30,01b20094
1116725000,17,31,fd580000
1121005000,18,0,02b2006e
1121015000,18,1,feaeffb3
1121025000,18,2,01af0008
1121035000,18,3,fdd0002f
1121045000,18,4,ffaa0096
1121055000,18,5,0378003f
1121065000,18,6,fd0aff4f
1121075000,18,7,0219ffd1
1121085000,18,8,fdc4ffda
1121095000,18,9,0173019b
1121105000,18,10,fee8fdb1
1121115000,18,11,0150020e
1121125000,18,12,fe81feeb
1121135000,18,13,00e6ff14
1121145000,18,14,01680149
1121155000,18,15,fe8effef
1121165000,18,16,00060008
1121175000,18,17,011c005d
1121185000,18,18,fd63fed0
1121195000,18,19,019a0119
1121205000,18,20,ff96fe74
1121215000,18,21,00a0009b
1121225000,18,22,ffe40213
1121235000,18,23,fea1fd9f
1121245000,18,24,03440128
1121255000,18,25,fd63ff9d
1121265000,18,26,012a0043
1121275000,18,27,ff1efeea
1121285000,18,28,002700cb
1121295000,18,29,0042013a
1121305000,18,30,01befde1
1121315000,18,31,fc200061
1125595000,19,0,ff8affea
1125605000,19,1,003afff9
1125615000,19,2,0055ff8a
1125625000,19,3,007701d0
1125635000,19,4,fdf1fdf9
1125645000,19,5,030e0259
1125655000,19,6,fe54fe88
1125665000,19,7,00ccfff1
1125675000,19,8,fe840180
1125685000,19,9,0059fe0a
1125695000,19,10,00b50131
1125705000,19,11,00fc002e
1125715000,19,12,fd95fe62
1125725000,19,13,0194002e
1125735000,19,14,00a2ff6d
1125745000,19,15,ff5502d3
1125755000,19,16,ff5cfdf6
1125765000,19,17,ffcc01e5
1125775000,19,18,0149fec0
1125785000,19,19,feabffba
1125795000,19,20,0011002f
1125805000,19,21,015eff05
1125815000,19,22,ff8c018e
1125825000,19,23,fe08fdd5
1125835000,19,24,03260334
1125845000,19,25,fda9fe08
1125855000,19,26,01a50029
1125865000,19,27,fe320050
1125875000,19,28,01a9008a
1125885000,19,29,0028ff9c
1125895000,19,30,ff06ff51
1125905000,19,31,00070027
1130185000,20,0,ff4f01e8
1130195000,20,1,0127ffb8
1130205000,20,2,ff5bff10
1130215000,20,3,00720195
1130225000,20,4,fdffffc9
1130235000,20,5,048f0063
1130245000,20,6,fc89fed1
1130255000,20,7,00f400b1
1130265000,20,8,ff78ffc7
1130275000,20,9,0029002b
1130285000,20,10,fffcfe9d
1130295000,20,11,ff76027e
1130305000,20,12,0181fe7d
1130315000,20,13,fea3ff34
1130325000,20,14,00950168
1130335000,20,15,0139ffa4
1130345000,20,16,fe09000a
1130355000,20,17,01f9015c
1130365000,20,18,fdb5fdee
1130375000,20,19,00680095
1130385000,20,20,00f7ffc9
1130395000,20,21,fef10013
1130405000,20,22,011d00f7
1130415000,20,23,fe06fdd5
1130425000,20,24,046c02fb
1130435000,20,25,fd13ff05
1130445000,20,26,ffd8ff65
1130455000,20,27,ffecffd0
1130465000,20,28,0105003d
1130475000,20,29,ff69007a
1130485000,20,30,00e9ffe0
1130495000,20,31,fee9fde6
1134775000,21,0,ff330075
1134785000,21,1,00cdff0c
1134795000,21,2,feb3ffff
1134805000,21,3,0255002f
1134815000,21,4,fcdd023b
1134825000,21,5,0268fdba
1134835000,21,6,ffa200d2
1134845000,21,7,ffe6ffc9
1134855000,21,8,ffafff41
1134865000,21,9,fff30117
1134875000,21,10,00f4fe77
1134885000,21,11,fe750253
1134895000,21,12,0121fd98
1134905000,21,13,ff3d012c
1134915000,21,14,00ddff34
1134925000,21,15,fec60189
1134935000,21,16,0209fe89
1134945000,21,17,ff790034
1134955000,21,18,fdfd0191
1134965000,21,19,01b1fee9
1134975000,21,20,ff13fee5
1134985000,21,21,ff96008a
1134995000,21,22,00e4ffb8
1135005000,21,23,ff4c023d
1135015000,21,24,0121fe45
1135025000,21,25,ffc700b1
1135035000,21,26,00a40015
1135045000,21,27,ff11fea5
1135055000,21,28,fffb0294
1135065000,21,29,0075fd00
1135075000,21,30,fecd0136
1135085000,21,31,013c0009
1139365000,22,0,ff72fdd0
1139375000,22,1,0179ffae
1139385000,22,2,fe4501e3
1139395000,22,3,0118ff77
1139405000,22,4,ff0aff75
1139415000,22,5,00fb0123
1139425000,22,6,00e6ff8c
1139435000,22,7,ffa0ffe5
1139445000,22,8,fe2afefe
1139455000,22,9,01a3011b
1139465000,22,10,ff5cffaf
1139475000,22,11,00b30088
1139485000,22,12,fe07fefe
1139495000,22,13,0224014a
1139505000,22,14,fe4ffd1b
1139515000,22,15,01a6037a
1139525000,22,16,0028fe32
1139535000,22,17,fec3ffa6
1139545000,22,18,00fb027d
1139555000,22,19,fe22fd4f
1139565000,22,20,029e01dd
1139575000,22,21,fc97fe4f
1139585000,22,22,01c000ca
1139595000,22,23,0014001b
1139605000,22,24,016c00c0
1139615000,22,25,fef5ff31
1139625000,22,26,ff60fff1
1139635000,22,27,00db0036
1139645000,22,28,00410098
1139655000,22,29,ff06febc
1139665000,22,30,013f0027
1139675000,22,31,fefe01aa
1143955000,23,0,01a10171
1143965000,23,1,ff29fe32
1143975000,23,2,ff1b019a
1143985000,23,3,0032fefe
1143995000,23,4,ffe50045
1144005000,23,5,01da0152
1144015000,23,6,fed7fe81
1144025000,23,7,000c016e
1144035000,23,8,febbfe53
1144045000,23,9,01d001e7
1144055000,23,10,fe6dfd01
1144065000,23,11,00ec03c6
1144075000,23,12,008ffe2a
1144085000,23,13,ff8dfffb
1144095000,23,14,01befe7e
1144105000,23,15,fda00220
1144115000,23,16,0021ff63
1144125000,23,17,0161fec4
1144135000,23,18,fe310260
1144145000,23,19,0044feb6
1144155000,23,20,0125ff11
1144165000,23,21,feba020a
1144175000,23,22,00edfefb
1144185000,23,23,0050ffb8
1144195000,23,24,ffdbffb5
1144205000,23,25,007a008f
1144215000,23,26,ff1b0181
1144225000,23,27,ffcafc6e
1144235000,23,28,ffff0364
1144245000,23,29,008bfce5
1144255000,23,30,ffca030a
1144265000,23,31,ff48fdea
1148545000,24,0,ff37ffc7
1148555000,24,1,02810083
1148565000,24,2,fe2100ea
1148575000,24,3,0057fe62
1148585000,24,4,fe420288
1148595000,24,5,03e9fea2
1148605000,24,6,fd77ffcc
1148615000,24,7,00580118
1148625000,24,8,000dfe07
1148635000,24,9,003b0231
1148645000,24,10,ffcafcb9
1148655000,24,11,011b0533
1148665000,24,12,ff01fb6e
1148675000,24,13,ff990161
1148685000,24,14,0108ffc8
1148695000,24,15,ff39003e
1148705000,24,16,000d00a1
1148715000,24,17,023fff6f
1148725000,24,18,fcff0094
1148735000,24,19,0115fec6
1148745000,24,20,00120092
1148755000,24,21,ff55fec4
1148765000,24,22,00b50186
1148775000,24,23,fe30feca
1148785000,24,24,028b0255
1148795000,24,25,008dfebd
1148805000,24,26,fd3a0075
1148815000,24,27,0291fe1d
1148825000,24,28,fea70144
1148835000,24,29,feb9ffd1
1148845000,24,30,025000ca
1148855000,24,31,fe8ffed0
1153135000,25,0,0270ff18
1153145000,25,1,ffa200c7
1153155000,25,2,004cff40
1153165000,25,3,feb4fffb
1153175000,25,4,017701d4
1153185000,25,5,ff92fec1
1153195000,25,6,ff41ffec
1153205000,25,7,012f0028
1153215000,25,8,fef90006
1153225000,25,9,ff7ffff5
1153235000,25,10,00fdfffc
1153245000,25,11,fe690154
1153255000,25,12,02b2fe5a
1153265000,25,13,fe2dffa5
1153275000,25,14,010c00fd
1153285000,25,15,013cfecf
1153295000,25,16,fc860220
1153305000,25,17,02bafe29
1153315000,25,18,fd66022c
1153325000,25,19,0134fe77
1153335000,25,20,005ffff4
1153345000,25,21,005000c1
1153355000,25,22,ff63ff1c
1153365000,25,23,0021008c
1153375000,25,24,01cd0016
1153385000,25,25,ff0d004b
1153395000,25,26,ff3dff80
1153405000,25,27,ff9bfed6
1153415000,25,28,02040132
1153425000,25,29,fd690169
1153435000,25,30,037cfd9b
1153445000,25,31,fbc800f1
1157725000,26,0,00cdfea4
1157735000,26,1,00140286
1157745000,26,2,fffdfe6d
1157755000,26,3,0060007e
1157765000,26,4,fedd0009
1157775000,26,5,01b5017d
1157785000,26,6,fedcfead
1157795000,26,7,ffaaff3b
1157805000,26,8,0133005a
1157815000,26,9,ff6b01e1
1157825000,26,10,00a6fd7c
1157835000,26,11,fe970312
1157845000,26,12,012dfbd7
1157855000,26,13,003c02f5
1157865000,26,14,feb0fe05
1157875000,26,15,019001aa
1157885000,26,16,ff29ff2a
1157895000,26,17,01900106
1157905000,26,18,fd4bff3f
1157915000,26,19,00e40104
1157925000,26,20,00adfd4d
1157935000,26,21,feb90203
1157945000,26,22,025c0037
1157955000,26,23,fe08fd3f
1157965000,26,24,00eb0420
1157975000,26,25,ff25fca3
1157985000,26,26,00fe0228
1157995000,26,27,fffdff2c
1158005000,26,28,fe55017b
1158015000,26,29,0212fdab
1158025000,26,30,001c0087
1158035000,26,31,fde6003c
1162315000,27,0,01870215
1162325000,27,1,ffc6ff7c
1162335000,27,2,ffb00060
1162345000,27,3,ffea0170
1162355000,27,4,ff27fec4
1162365000,27,5,0321008f
1162375000,27,6,fc32ffe5
1162385000,27,7,01d2fef8
1162395000,27,8,0078ff69
1162405000,27,9,ffc6026c
1162415000,27,10,ff8ffd6c
1162425000,27,11,00a4011d
1162435000,27,12,fefefff1
1162445000,27,13,01a1000e
1162455000,27,14,fd9d00b0
1162465000,27,15,0162fecb
1162475000,27,16,fef50155
1162485000,27,17,01ccfe8a
1162495000,27,18,fedcffc4
1162505000,27,19,ff2e01f6
1162515000,27,20,0111fd20
1162525000,27,21,ff0902d9
1162535000,27,22,01b2ff63
1162545000,27,23,fea40016
1162555000,27,24,fff0ffad
1162565000,27,25,002c001e
1162575000,27,26,01810004
1162585000,27,27,fe88ff9d
1162595000,27,28,006600f3
1162605000,27,29,ff21ff42
1162615000,27,30,02a301bc
1162625000,27,31,fd34fc2f
1166905000,28,0,01c5ff69
1166915000,28,1,fde5000a
1166925000,28,2,015b00cd
1166935000,28,3,00b30037
1166945000,28,4,fd66ff9d
1166955000,28,5,0477ffd8
1166965000,28,6,fd300155
1166975000,28,7,ff35ff30
1166985000,28,8,00b0ff97
1166995000,28,9,00a70080
1167005000,28,10,feb7fd6e
1167015000,28,11,01fd060d
1167025000,28,12,fee3fad6
1167035000,28,13,00f800f4
1167045000,28,14,ff19004d
1167055000,28,15,000e0001
1167065000,28,16,005d0083
1167075000,28,17,0093ff4a
1167085000,28,18,fde9fff5
1167095000,28,19,0195008f
1167105000,28,20,fef2feb7
1167115000,28,21,00850206
1167125000,28,22,005affbb
1167135000,28,23,fefffe3a
1167145000,28,24,02d60175
1167155000,28,25,fd19ff8c
1167165000,28,26,012dffa4
1167175000,28,27,ff630089
1167185000,28,28,0115fed6
1167195000,28,29,fe4c01c6
1167205000,28,30,01fdffe7
1167215000,28,31,fddeff31
1171495000,29,0,013dfe98
1171505000,29,1,ff2e01dc
1171515000,29,2,ffcbfe32
1171525000,29,3,007d01f1
1171535000,29,4,feb8006c
1171545000,29,5,0298fe70
1171555000,29,6,ff0e00d0
1171565000,29,7,fe8dffbf
1171575000,29,8,01ed0074
1171585000,29,9,fe36feca
1171595000,29,10,01520043
1171605000,29,11,fea90209
1171615000,29,12,0115fd8f
1171625000,29,13,0040003e
1171635000,29,14,ffb30180
1171645000,29,15,00c3fdf3
1171655000,29,16,fef3026a
1171665000,29,17,013cfe90
1171675000,29,18,fced0082
1171685000,29,19,0313ff65
1171695000,29,20,fdfcff6e
1171705000,29,21,00de00b8
1171715000,29,22,001000c8
1171725000,29,23,ff8dff8d
1171735000,29,24,023fff9e
1171745000,29,25,fe540026
1171755000,29,26,ff4a007d
1171765000,29,27,009b0021
1171775000,29,28,00ebfe0b
1171785000,29,29,fe660246
1171795000,29,30,018bfefc
1171805000,29,31,fe7f0029
1176085000,30,0,0108004c
1176095000,30,1,fec9ff46
1176105000,30,2,00af00da
1176115000,30,3,ffffffc8
1176125000,30,4,ff7c0125
1176135000,30,5,0183ff08
1176145000,30,6,ffceffec
1176155000,30,7,fe37ffc1
1176165000,30,8,01c10051
1176175000,30,9,002f0079
1176185000,30,10,fed4fdbf
1176195000,30,11,0078030b
1176205000,30,12,feb7fdcc
1176215000,30,13,02bf00b8
1176225000,30,14,fd4fffbe
1176235000,30,15,01f7ff8a
1176245000,30,16,006c00c4
1176255000,30,17,feefffb0
1176265000,30,18,ff69ffe6
1176275000,30,19,ffeb00c0
1176285000,30,20,ffaaff39
1176295000,30,21,fe89ffca
1176305000,30,22,047c00cc
1176315000,30,23,fd45fec7
1176325000,30,24,000f01eb
1176335000,30,25,0009fdf9
1176345000,30,26,00940191
1176355000,30,27,003e0035
1176365000,30,28,fef70062
1176375000,30,29,0105fe9e
1176385000,30,30,ff2fffb2
1176395000,30,31,ffcd0086
1180675000,31,0,fdcaff82
1180685000,31,1,03acff4a
1180695000,31,2,fb8a00fb
1180705000,31,3,03c0ff52
1180715000,31,4,ff6e0083
1180725000,31,5,ff83ffee
1180735000,31,6,007d0136
1180745000,31,7,ffb9fed9
1180755000,31,8,ff22fff0
1180765000,31,9,0202ff80
1180775000,31,10,fd52011f
1180785000,31,11,00e9fff4
1180795000,31,12,01adfe90
1180805000,31,13,ff1100f3
1180815000,31,14,0052ff77
1180825000,31,15,feec0057
1180835000,31,16,0202ffbe
1180845000,31,17,fd9e0054
1180855000,31,18,00dc0157
1180865000,31,19,0018fe12
1180875000,31,20,ff7effd1
1180885000,31,21,001700ca
1180895000,31,22,01b3ffa4
1180905000,31,23,fe35002f
1180915000,31,24,ff82fff8
1180925000,31,25,009000fa
1180935000,31,26,015cff03
1180945000,31,27,ff0700d4
1180955000,31,28,00c7fe64
1180965000,31,29,feb90105
1180975000,31,30,00faff9b
1180985000,31,31,ffbe00dd
1185265000,32,0,004e00d5
1185275000,32,1,002bfe5c
1185285000,32,2,01000073
1185295000,32,3,feab00c7
1185305000,32,4,000bff04
1185315000,32,5,01630228
1185325000,32,6,fe4efe26
1185335000,32,7,00cc012b
1185345000,32,8,fea5fef5
1185355000,32,9,01d8007f
1185365000,32,10,ff11fdf8
1185375000,32,11,ffc00411
1185385000,32,12,0062fdc5
1185395000,32,13,ffe5feea
1185405000,32,14,00d002f4
1185415000,32,15,ff65fd30
1185425000,32,16,00080181
1185435000,32,17,fe0f00b4
1185445000,32,18,0318fea7
1185455000,32,19,ff7d00af
1185465000,32,20,feb9ff88
1185475000,32,21,ffcf0044
1185485000,32,22,019cff72
1185495000,32,23,fdbe0051
1185505000,32,24,03e90289
1185515000,32,25,fcbefd75
1185525000,32,26,0207000a
1185535000,32,27,fee0ffe9
1185545000,32,28,009e002b
1185555000,32,29,0009fe9e
1185565000,32,30,fffe0258
1185575000,32,31,fec9fe9c
1189855000,33,0,00010179
1189865000,33,1,00d3005f
1189875000,33,2,0008fed1
1189885000,33,3,ffb2011c
1189895000,33,4,feb10055
1189905000,33,5,02d3ff93
1189915000,33,6,fdb4feb5
1189925000,33,7,010101a9
1189935000,33,8,fec6fec2
1189945000,33,9,014000e1
1189955000,33,10,0019fdd2
1189965000,33,11,fffa0371
1189975000,33,12,ff62fea4
1189985000,33,13,feeffe72
1189995000,33,14,017d0204
1190005000,33,15,0065ff55
1190015000,33,16,fec5ffe9
1190025000,33,17,00b3fffd
1190035000,33,18,ffa0003b
1190045000,33,19,00000084
1190055000,33,20,ff0dff7f
1190065000,33,21,01f3ff1d
1190075000,33,22,ff12019b
1190085000,33,23,ff8ffdf1
1190095000,33,24,025002f8
1190105000,33,25,fd32fe67
1190115000,33,26,01830032
1190125000,33,27,ff68011b
1190135000,33,28,00dcfe14
1190145000,33,29,ff93006a
1190155000,33,30,01210024
1190165000,33,31,fe37fe85
1194445000,34,0,0296feb5
1194455000,34,1,feb101a2
1194465000,34,2,00c6fe54
1194475000,34,3,ff290228
1194485000,34,4,ff4cfdd0
1194495000,34,5,022f028e
1194505000,34,6,fec0fec9
1194515000,34,7,fffd0008
1194525000,34,8,00710093
1194535000,34,9,ff83fedd
1194545000,34,10,00b1ffb8
1194555000,34,11,fe8d00f6
1194565000,34,12,00ac0019
1194575000,34,13,00e5fd95
1194585000,34,14,fe580310
1194595000,34,15,01b4ff03
1194605000,34,16,fe4e00a3
1194615000,34,17,0201ff58
1194625000,34,18,fde20066
1194635000,34,19,00e50046
1194645000,34,20,ffcafe7e
1194655000,34,21,003b0120
1194665000,34,22,fff00087
1194675000,34,23,ff5dfddc
1194685000,34,24,021f03cd
1194695000,34,25,ff5bfdf9
1194705000,34,26,fea7ff82
1194715000,34,27,0111ffd8
1194725000,34,28,fffa0069
1194735000,34,29,ff09009d
1194745000,34,30,03280004
1194755000,34,31,fbfeff4d
1199035000,35,0,ffd602af
1199045000,35,1,ff21fed6
1199055000,35,2,011a007b
1199065000,35,3,000800e8
1199075000,35,4,ff12fe1f
1199085000,35,5,014c023b
1199095000,35,6,ff66fe7a
1199105000,35,7,0059008f
1199115000,35,8,fe8d001b
1199125000,35,9,01e40017
1199135000,35,10,fd74fec9
1199145000,35,11,0333021b
1199155000,35,12,fe01fded
1199165000,35,13,00e8ff94
1199175000,35,14,ff65013b
1199185000,35,15,00280025
1199195000,35,16,00c00035
1199205000,35,17,fdef0008
1199215000,35,18,0086006b
1199225000,35,19,014cfee6
1199235000,35,20,fee0ffaf
1199245000,35,21,012600db
1199255000,35,22,ff740066
1199265000,35,23,ff15fe8b
1199275000,35,24,0251015d
1199285000,35,25,fdcc014f
1199295000,35,26,00d0fd11
1199305000,35,27,001d014f
1199315000,35,28,00e10071
1199325000,35,29,fe6eff6a
1199335000,35,30,01a5017d
1199345000,35,31,ff2efc51
1203625000,36,0,004d01dc
1203635000,36,1,010cff80
1203645000,36,2,ff31ff98
1203655000,36,3,00310243
1203665000,36,4,feb3fe73
1203675000,36,5,03a1004c
1203685000,36,6,fd13ff92
1203695000,36,7,00ab0055
1203705000,36,8,0008ff6f
1203715000,36,9,ffb50010
1203725000,36,10,00840037
1203735000,36,11,ff490133
1203745000,36,12,0069fe52
1203755000,36,13,ffcd0020
1203765000,36,14,00770028
1203775000,36,15,ff78002f
1203785000,36,16,00230096
1203795000,36,17,017effa8
1203805000,36,18,fd910018
1203815000,36,19,00d10059
1203825000,36,20,005dff2d
1203835000,36,21,ff6fff8c
1203845000,36,22,0053018c
1203855000,36,23,fdfffd91
1203865000,36,24,0540036f
1203875000,36,25,fbcdfe70
1203885000,36,26,013e0051
1203895000,36,27,00b9ff89
1203905000,36,28,fe7fffd6
1203915000,36,29,018700b8
1203925000,36,30,000fffaa
1203935000,36,31,fe4afdfb
1208215000,37,0,01c7028d
1208225000,37,1,ff6cff28
1208235000,37,2,012fffd7
1208245000,37,3,feabffb9
1208255000,37,4,fed4023e
1208265000,37,5,02aafe08
1208275000,37,6,fe40ff6f
1208285000,37,7,00a80134
1208295000,37,8,ff80ff7e
1208305000,37,9,ffa20022
1208315000,37,10,011afecd
1208325000,37,11,ff65036f
1208335000,37,12,0085fccf
1208345000,37,13,ff180072
1208355000,37,14,01970061
1208365000,37,15,ff47ffee
1208375000,37,16,ff09ff5b
1208385000,37,17,00e80122
1208395000,37,18,fde7ffa7
1208405000,37,19,02c100b1
1208415000,37,20,fde2ff28
1208425000,37,21,01a0ff9c
1208435000,37,22,ff5c00c3
1208445000,37,23,fee6ff4e
1208455000,37,24,028001e2
1208465000,37,25,fe9afe54
1208475000,37,26,00ac008d
1208485000,37,27,ffeb005f
1208495000,37,28,ff05fefb
1208505000,37,29,011e002a
1208515000,37,30,ff31016d
1208525000,37,31,ff0ffd08
1212805000,38,0,008501b2
1212815000,38,1,004bfdef
1212825000,38,2,fed2026c
1212835000,38,3,0124007e
1212845000,38,4,fee9fdf3
1212855000,38,5,013e010e
1212865000,38,6,fec500c5
1212875000,38,7,00e3fe42
1212885000,38,8,ffcb0194
1212895000,38,9,01a2ffce
1212905000,38,10,fd74fea8
1212915000,38,11,00770180
1212925000,38,12,0054fee7
1212935000,38,13,fffd0015
1212945000,38,14,ff9aff6e
1212955000,38,15,008a0177
1212965000,38,16,01d10094
1212975000,38,17,fd81fec7
1212985000,38,18,00d6008e
1212995000,38,19,ff34fef2
1213005000,38,20,0151006d
1213015000,38,21,fde0004e
1213025000,38,22,01810087
1213035000,38,23,ffdffedc
1213045000,38,24,013b0026
1213055000,38,25,fe620248
1213065000,38,26,00ecfc42
1213075000,38,27,ffb5034c
1213085000,38,28,0046fe81
1213095000,38,29,ffe5ff93
1213105000,38,30,000801aa
1213115000,38,31,ff40fd4f
1217395000,39,0,0070011d
1217405000,39,1,fd42ff9f
1217415000,39,2,025b003a
1217425000,39,3,fea1000b
1217435000,39,4,ff600081
1217445000,39,5,02b1ffde
1217455000,39,6,fd4fff92
1217465000,39,7,0202016a
1217475000,39,8,ff49fe24
1217485000,39,9,ff7f0122
1217495000,39,10,0137fd6e
1217505000,39,11,ff69043c
1217515000,39,12,003dfd51
1217525000,39,13,ff0dff2b
1217535000,39,14,00c70180
1217545000,39,15,ff91002e
1217555000,39,16,00b0ff53
1217565000,39,17,ff3600cb
1217575000,39,18,0013ff38
1217585000,39,19,00210035
1217595000,39,20,ff6aff79
1217605000,39,21,007bffd6
1217615000,39,22,0035018a
1217625000,39,23,00baff0c
1217635000,39,24,ff3700c0
1217645000,39,25,ffbdffc8
1217655000,39,26,ffe3ffe8
1217665000,39,27,00cdffac
1217675000,39,28,fe39ff99
1217685000,39,29,027bff9d
1217695000,39,30,fe7d0314
1217705000,39,31,0123fcb4
1221985000,40,0,fffa0254
1221995000,40,1,001afee6
1222005000,40,2,013100ba
1222015000,40,3,ffa9ff72
1222025000,40,4,fd8101e3
1222035000,40,5,04bffd6f
1222045000,40,6,fd0201ee
1222055000,40,7,0068fe8e
1222065000,40,8,0015008d
1222075000,40,9,ff1100bb
1222085000,40,10,025efd8d
1222095000,40,11,fe1404d9
1222105000,40,12,016afc22
1222115000,40,13,fe5dff93
1222125000,40,14,017d010d
1222135000,40,15,ffa6ffd1
1222145000,40,16,ffbc0012
1222155000,40,17,00b4ffbc
1222165000,40,18,ff6100f6
1222175000,40,19,ff2bffd4
1222185000,40,20,0111fee5
1222195000,40,21,fe8500e1
1222205000,40,22,0154fe9e
1222215000,40,23,feac0046
1222225000,40,24,02450275
1222235000,40,25,ff0dff43
1222245000,40,26,ff78fdc7
1222255000,40,27,0110020d
1222265000,40,28,fe04feee
1222275000,40,29,01cb0055
1222285000,40,30,ffd500d3
1222295000,40,31,fed6fda7
1226575000,41,0,025a00bf
1226585000,41,1,febaff53
1226595000,41,2,0096002a
1226605000,41,3,000fff07
1226615000,41,4,ff0e01ea
1226625000,41,5,027e0095
1226635000,41,6,fd770039
1226645000,41,7,011bfdc5
1226655000,41,8,0077004e
1226665000,41,9,fef60241
1226675000,41,10,0103fc2c
1226685000,41,11,fe1d0367
1226695000,41,12,0262fe08
1226705000,41,13,ff1800c9
1226715000,41,14,fef2ffcc
1226725000,41,15,01810028
1226735000,41,16,ff4a003f
1226745000,41,17,0182ffff
1226755000,41,18,fda2feee
1226765000,41,19,0139019f
1226775000,41,20,ff9efe6c
1226785000,41,21,ffa20067
1226795000,41,22,00a700e9
1226805000,41,23,fefbff27
1226815000,41,24,012500d0
1226825000,41,25,ffd60001
1226835000,41,26,00ddfe84
1226845000,41,27,ff0b0033
1226855000,41,28,0042021e
1226865000,41,29,ff70fe3f
1226875000,41,30,01b800f2
1226885000,41,31,fcd9fed4
1231165000,42,0,021b0076
1231175000,42,1,fea500c2
1231185000,42,2,008cffb1
1231195000,42,3,0036ff92
1231205000,42,4,ff11000e
1231215000,42,5,01df00ff
1231225000,42,6,fe34fedc
1231235000,42,7,0220ffa8
1231245000,42,8,fcf800a5
1231255000,42,9,021c0127
1231265000,42,10,fefdfe4f
1231275000,42,11,004d0160
1231285000,42,12,00e5fe29
1231295000,42,13,ff51ffd9
1231305000,42,14,01130215
1231315000,42,15,feb4ff70
1231325000,42,16,ffeffe72
1231335000,42,17,018d0124
1231345000,42,18,fca60085
1231355000,42,19,020afeea
1231365000,42,20,002d003c
1231375000,42,21,febd0017
1231385000,42,22,025c0124
1231395000,42,23,fe36fe92
1231405000,42,24,006e00ff
1231415000,42,25,003eff8b
1231425000,42,26,00850013
1231435000,42,27,feffff10
1231445000,42,28,009d0251
1231455000,42,29,febffe59
1231465000,42,30,0259ffd3
1231475000,42,31,fd52ffba
1235755000,43,0,0165022c
1235765000,43,1,ff6a00e9
1235775000,43,2,ff90fedf
1235785000,43,3,00e5ff97
1235795000,43,4,fe8700fb
1235805000,43,5,03180040
1235815000,43,6,fec2feec
1235825000,43,7,fda7fff6
1235835000,43,8,02f20151
1235845000,43,9,fdebff8d
1235855000,43,10,014bff6c
1235865000,43,11,fed000db
1235875000,43,12,00a7fd85
1235885000,43,13,01f40226
1235895000,43,14,fd4f0024
1235905000,43,15,0219ffa4
1235915000,43,16,fe51ffc2
1235925000,43,17,00ec00ef
1235935000,43,18,fe78fe33
1235945000,43,19,02110163
1235955000,43,20,fd87feff
1235965000,43,21,01be00be
1235975000,43,22,0096ffc2
1235985000,43,23,ff110062
1235995000,43,24,0040ffdd
1236005000,43,25,fff3ff1b
1236015000,43,26,009d0152
1236025000,43,27,fe2a0017
1236035000,43,28,0243ff7d
1236045000,43,29,fe5aff6c
1236055000,43,30,020900a6
1236065000,43,31,fd67fda8
1240345000,44,0,02c9fed0
1240355000,44,1,fe750066
1240365000,44,2,014fffd2
1240375000,44,3,ff35ffb8
1240385000,44,4,ff3a009f
1240395000,44,5,0399ffab
1240405000,44,6,fdbe0167
1240415000,44,7,ff21fd66
1240425000,44,8,0040024a
1240435000,44,9,005cff8e
1240445000,44,10,00d9fe94
1240455000,44,11,003b0362
1240465000,44,12,fe7efca1
1240475000,44,13,02650096
1240485000,44,14,fcfb0063
1240495000,44,15,01d9fefa
1240505000,44,16,ffd700e8
1240515000,44,17,004f0012
1240525000,44,18,fe41ffbc
1240535000,44,19,01650044
1240545000,44,20,001aff51
1240555000,44,21,ff210059
1240565000,44,22,00b0021f
1240575000,44,23,ff45fc42
1240585000,44,24,00f402e2
1240595000,44,25,feb4ff2e
1240605000,44,26,017bfe2e
1240615000,44,27,fe9b021a
1240625000,44,28,0152fef3
1240635000,44,29,ff6d006a
1240645000,44,30,018b002f
1240655000,44,31,fc2100de
1244935000,45,0,ffcdff08
1244945000,45,1,017a0132
1244955000,45,2,fe31ff29
1244965000,45,3,01990109
1244975000,45,4,fd6cff78
1244985000,45,5,03b7ff68
1244995000,45,6,fde9032a
1245005000,45,7,00a0fc3d
1245015000,45,8,ffa201e7
1245025000,45,9,00c5ff34
1245035000,45,10,febfff1e
1245045000,45,11,00cb025d
1245055000,45,12,ff33fdda
1245065000,45,13,009900ef
1245075000,45,14,0027ff2c
1245085000,45,15,ffe70185
1245095000,45,16,023ffe6a
1245105000,45,17,fd0200b4
1245115000,45,18,ffff0081
1245125000,45,19,ffcbffd5
1245135000,45,20,01baff10
1245145000,45,21,fe590022
1245155000,45,22,00a10140
1245165000,45,23,0018fe0d
1245175000,45,24,011a014f
1245185000,45,25,fe930142
1245195000,45,26,0079fda8
1245205000,45,27,ff5d022d
1245215000,45,28,0177fed6
1245225000,45,29,ff63fed3
1245235000,45,30,ffdf01ca
1245245000,45,31,ff65ff71
1249525000,46,0,0172fef0
1249535000,46,1,001b004f
1249545000,46,2,003ffff5
1249555000,46,3,ffdcffe3
1249565000,46,4,ff0500a2
1249575000,46,5,0193007a
1249585000,46,6,fef5000e
1249595000,46,7,ffd4fe23
1249605000,46,8,00b70105
1249615000,46,9,00ec0013
1249625000,46,10,fed6ff35
1249635000,46,11,ff5800eb
1249645000,46,12,0089ffa6
1249655000,46,13,003eff62
1249665000,46,14,fff9016a
1249675000,46,15,ff92fe67
1249685000,46,16,01380164
1249695000,46,17,0109fe47
1249705000,46,18,fb81019b
1249715000,46,19,039cffa1
1249725000,46,20,fd89ff42
1249735000,46,21,01350004
1249745000,46,22,00290118
1249755000,46,23,ff76ff5f
1249765000,46,24,010700c3
1249775000,46,25,fe64ff4f
1249785000,46,26,033effcb
1249795000,46,27,fd30017d
1249805000,46,28,0089fe6a
1249815000,46,29,009e00e8
1249825000,46,30,ffcdfe70
1249835000,46,31,fe4c01cb
1254115000,47,0,fe68ffe1
1254125000,47,1,03710013
1254135000,47,2,fdaf0024
1254145000,47,3,0103ff91
1254155000,47,4,fedb0028
1254165000,47,5,006eff6c
1254175000,47,6,ff590164
1254185000,47,7,00f5ffb3
1254195000,47,8,ffe4fef3
1254205000,47,9,ff3c00f2
1254215000,47,10,01c1ff63
1254225000,47,11,fd6900ed
1254235000,47,12,01faff2c
1254245000,47,13,fe53ff53
1254255000,47,14,01fa00c4
1254265000,47,15,ff4f00d6
1254275000,47,16,fff8fe81
1254285000,47,17,00270065
1254295000,47,18,fe010076
1254305000,47,19,010f0193
1254315000,47,20,011dfddc
1254325000,47,21,fda200f4
1254335000,47,22,0199fe82
1254345000,47,23,01e301fd
1254355000,47,24,fe0cffcf
1254365000,47,25,00ccff46
1254375000,47,26,ff6b0127
1254385000,47,27,0115fde3
1254395000,47,28,fe9601a4
1254405000,47,29,ffd5ff25
1254415000,47,30,0160005a
1254425000,47,31,ff71ffde
1258705000,48,0,febd0091
1258715000,48,1,014bffb2
1258725000,48,2,ff68ff70
1258735000,48,3,008c0046
1258745000,48,4,fd1dffab
1258755000,48,5,05ce0151
1258765000,48,6,fbf7ff6e
1258775000,48,7,0051ff99
1258785000,48,8,00300117
1258795000,48,9,fefbfe0d
1258805000,48,10,01a60056
1258815000,48,11,ffd40348
1258825000,48,12,004ffcae
1258835000,48,13,fef8ffde
1258845000,48,14,01860153
1258855000,48,15,ff70ff0b
1258865000,48,16,feed00a7
1258875000,48,17,006b0034
1258885000,48,18,001cfef8
1258895000,48,19,ff5c01b6
1258905000,48,20,011dff3f
1258915000,48,21,ff30feff
1258925000,48,22,011d00ee
1258935000,48,23,fd83ff7f
1258945000,48,24,04ea00e9
1258955000,48,25,fb9fff89
1258965000,48,26,01760032
1258975000,48,27,0040ffdc
1258985000,48,28,ff53ff60
1258995000,48,29,009a005e
1259005000,48,30,ff96ff91
1259015000,48,31,00700055
1263295000,49,0,00f5017f
1263305000,49,1,012400a3
1263315000,49,2,fd71fea6
1263325000,49,3,02ba0152
1263335000,49,4,fcccffed
1263345000,49,5,0465fecc
1263355000,49,6,fc5e01ce
1263365000,49,7,025efe18
1263375000,49,8,fe230033
1263385000,49,9,ffb500f3
1263395000,49,10,02befee8
1263405000,49,11,fd9201b0
1263415000,49,12,00dffe0c
1263425000,49,13,ff980078
1263435000,49,14,007e0144
1263445000,49,15,ffbdfe65
1263455000,49,16,ffab0107
1263465000,49,17,00ceff7d
1263475000,49,18,fe790100
1263485000,49,19,0068ff92
1263495000,49,20,0158fea5
1263505000,49,21,fe37012a
1263515000,49,22,014a0048
1263525000,49,23,ff60fe78
1263535000,49,24,0161028f
1263545000,49,25,fe69000d
1263555000,49,26,00fcfe86
1263565000,49,27,fedcfff4
1263575000,49,28,00d90012
1263585000,49,29,00c40042
1263595000,49,30,0056003a
1263605000,49,31,fdcdfe13
1267885000,50,0,005301d0
1267895000,50,1,001e00cb
1267905000,50,2,00e8feea
1267915000,50,3,febcffbd
1267925000,50,4,00a10032
1267935000,50,5,010b0036
1267945000,50,6,fd73ff2f
1267955000,50,7,02bc01bd
1267965000,50,8,fe45fe3e
1267975000,50,9,0030024c
1267985000,50,10,ff21fd83
1267995000,50,11,011401eb
1268005000,50,12,0074fe2f
1268015000,50,13,ff4bffe8
1268025000,50,14,01660247
1268035000,50,15,ff0bfe00
1268045000,50,16,fee9ff90
1268055000,50,17,017001d7
1268065000,50,18,fea4ff02
1268075000,50,19,0044016b
1268085000,50,20,ff17fe34
1268095000,50,21,0293010e
1268105000,50,22,feff0077
1268115000,50,23,fe66fd9d
1268125000,50,24,028f02b6
1268135000,50,25,feb6fe9a
1268145000,50,26,010301a5
1268155000,50,27,ff54fd89
1268165000,50,28,0014023f
1268175000,50,29,ff23fdbc
1268185000,50,30,01b80267
1268195000,50,31,fe5bfd0a
1272475000,51,0,fed8fe97
1272485000,51,1,01440011
1272495000,51,2,fe8d00d5
1272505000,51,3,0269011b
1272515000,51,4,fce5fe92
1272525000,51,5,04110101
1272535000,51,6,fe15ffa3
1272545000,51,7,ff6bff85
1272555000,51,8,000100f3
1272565000,51,9,0011fe48
1272575000,51,10,ffe40147
1272585000,51,11,0128ff30
1272595000,51,12,feb8014f
1272605000,51,13,006bfe8b
1272615000,51,14,0111ff3a
1272625000,51,15,fe810226
1272635000,51,16,00c0fe73
1272645000,51,17,ff4602ef
1272655000,51,18,00effd3f
1272665000,51,19,fea30085
1272675000,51,20,00490072
1272685000,51,21,0031fef3
1272695000,51,22,016d0095
1272705000,51,23,fdbbfe5f
1272715000,51,24,02530437
1272725000,51,25,fe5dfdd8
1272735000,51,26,009cff61
1272745000,51,27,ffe00174
1272755000,51,28,000eff21
1272765000,51,29,0093fed1
1272775000,51,30,0031016a
1272785000,51,31,ff6d0002
1277065000,52,0,ffed00ca
1277075000,52,1,00940125
1277085000,52,2,ffc1fe17
1277095000,52,3,0069018a
1277105000,52,4,fe340024
1277115000,52,5,0481ffeb
1277125000,52,6,fce2ff3e
1277135000,52,7,ffa4013b
1277145000,52,8,00bafdb6
1277155000,52,9,fff6022c
1277165000,52,10,ffa7fecf
1277175000,52,11,00be012c
1277185000,52,12,0091fe7c
1277195000,52,13,fe120089
1277205000,52,14,015aff9b
1277215000,52,15,ffe1ffda
1277225000,52,16,ff9f014a
1277235000,52,17,01b6008f
1277245000,52,18,fc81fe11
1277255000,52,19,028b0016
1277265000,52,20,fef80148
1277275000,52,21,ff6bfe25
1277285000,52,22,01f0013a
1277295000,52,23,fd54ff89
1277305000,52,24,03720192
1277315000,52,25,fdd0ff28
1277325000,52,26,fffb007d
1277335000,52,27,00c6fdf8
1277345000,52,28,ff6b01bc
1277355000,52,29,00bafff7
1277365000,52,30,0050ffe9
1277375000,52,31,fea7fe96
1281655000,53,0,ff2b02a3
1281665000,53,1,ff08fe28
1281675000,53,2,013d004b
1281685000,53,3,001b0138
1281695000,53,4,ff000116
1281705000,53,5,016dfdfb
1281715000,53,6,ff55001e
1281725000,53,7,00340092
1281735000,53,8,ff1efec7
1281745000,53,9,0108016f
1281755000,53,10,fedcfec8
1281765000,53,11,00f30365
1281775000,53,12,0024fb5b
1281785000,53,13,ff94022f
1281795000,53,14,00adffd7
1281805000,53,15,ffedff75
1281815000,53,16,ffbdffd9
1281825000,53,17,ff3a0116
1281835000,53,18,013d00f1
1281845000,53,19,ff21fdba
1281855000,53,20,ff900042
1281865000,53,21,0045ffab
1281875000,53,22,0045015a
1281885000,53,23,0024ffe2
1281895000,53,24,003aff41
1281905000,53,25,ff4a00cf
1281915000,53,26,016effa8
1281925000,53,27,ff750045
1281935000,53,28,ff6400b1
1281945000,53,29,0056fccf
1281955000,53,30,febd036d
1281965000,53,31,01c7fd0b
1286245000,54,0,ff89fec5
1286255000,54,1,01d7fff2
1286265000,54,2,ffe8ffaa
1286275000,54,3,fed4004c
1286285000,54,4,00a000ef
1286295000,54,5,0051ff5f
1286305000,54,6,ffb3ff8d
1286315000,54,7,ffce0074
1286325000,54,8,009c0086
1286335000,54,9,ffb8feef
1286345000,54,10,ff5f0117
1286355000,54,11,ff48ff63
1286365000,54,12,016aff75
1286375000,54,13,ffd700c9
1286385000,54,14,0000fffa
1286395000,54,15,0197ff41
1286405000,54,16,fc9f0139
1286415000,54,17,0283fe88
1286425000,54,18,fe1202b4
1286435000,54,19,013efdce
1286445000,54,20,ffa00051
1286455000,54,21,005b0097
1286465000,54,22,00bffe09
1286475000,54,23,fe220282
1286485000,54,24,01f4ffa0
1286495000,54,25,fe02fef3
1286505000,54,26,026700eb
1286515000,54,27,fed6ff83
1286525000,54,28,00a60077
1286535000,54,29,fee1ff65
1286545000,54,30,0246fe50
1286555000,54,31,fd5102b9
1290835000,55,0,ff86002a
1290845000,55,1,ffda01a1
1290855000,55,2,ffbefe1c
1290865000,55,3,00780295
1290875000,55,4,ffadfe11
1290885000,55,5,01ec00f7
1290895000,55,6,fe73ff64
1290905000,55,7,ffb50117
1290915000,55,8,0030fe58
1290925000,55,9,ffaa0064
1290935000,55,10,0030ff64
1290945000,55,11,01ee022f
1290955000,55,12,fca7fd89
1290965000,55,13,03c6014a
1290975000,55,14,fd07fe84
1290985000,55,15,012e021e
1290995000,55,16,ff66ff7c
1291005000,55,17,0008fe73
1291015000,55,18,003e0278
1291025000,55,19,ff38fe73
1291035000,55,20,0109ff77
1291045000,55,21,ff54ff95
1291055000,55,22,ffe702a4
1291065000,55,23,000bfdc9
1291075000,55,24,0184010a
1291085000,55,25,fd500118
1291095000,55,26,01a8ffd8
1291105000,55,27,00f2fdb1
1291115000,55,28,fea3017f
1291125000,55,29,00feff22
1291135000,55,30,fe9b024c
1291145000,55,31,0132fd52
1295425000,56,0,fef900cc
1295435000,56,1,028cffd3
1295445000,56,2,fe47ff9e
1295455000,56,3,00ffffc7
1295465000,56,4,fd1a00c9
1295475000,56,5,0614008c
1295485000,56,6,fb07ff4a
1295495000,56,7,014e00a1
1295505000,56,8,ffe4fea9
1295515000,56,9,ff5b0133
1295525000,56,10,00b6fe93
1295535000,56,11,fff9046c
1295545000,56,12,007efb01
1295555000,56,13,ffb5016a
1295565000,56,14,00f10000
1295575000,56,15,ff94ff3f
1295585000,56,16,ff3101ba
1295595000,56,17,00a8ff6f
1295605000,56,18,fefbffdc
1295615000,56,19,004900c7
1295625000,56,20,0068fe51
1295635000,56,21,fffc00ee
1295645000,56,22,006b0030
1295655000,56,23,fe2efe07
1295665000,56,24,03b602f9
1295675000,56,25,fdf5ff1b
1295685000,56,26,ff74ff7f
1295695000,56,27,0023ff0e
1295705000,56,28,0084012d
1295715000,56,29,ff970004
1295725000,56,30,00d9ff7a
1295735000,56,31,febcffa9
1300015000,57,0,02d800fb
1300025000,57,1,fe79feb6
1300035000,57,2,ff9cfe92
1300045000,57,3,01a101fe
1300055000,57,4,fe20ff27
1300065000,57,5,023b01ba
1300075000,57,6,fc81ff0d
1300085000,57,7,0419ffd2
1300095000,57,8,fccbffd0
1300105000,57,9,029701cd
1300115000,57,10,fe08fc9c
1300125000,57,11,ff5a033d
1300135000,57,12,01acfdb6
1300145000,57,13,ffac00f3
1300155000,57,14,003f0090
1300165000,57,15,0043ff4b
1300175000,57,16,ffae0099
1300185000,57,17,0007ffa8
1300195000,57,18,ff5400d0
1300205000,57,19,00d7ff36
1300215000,57,20,ff28fedb
1300225000,57,21,005f00dc
1300235000,57,22,007f013f
1300245000,57,23,feb1fe3e
1300255000,57,24,02df01b0
1300265000,57,25,fdf5fff9
1300275000,57,26,00b8fe5e
1300285000,57,27,ffcaffab
1300295000,57,28,0064020c
1300305000,57,29,fef6fe0b
1300315000,57,30,01a90040
1300325000,57,31,fcef0081
1304605000,58,0,005d0006
1304615000,58,1,003500df
1304625000,58,2,feb5fe91
1304635000,58,3,02530066
1304645000,58,4,fcbbfffc
1304655000,58,5,037500a2
1304665000,58,6,fe1b0056
1304675000,58,7,008aff5d
1304685000,58,8,00410088
1304695000,58,9,ff2a0075
1304705000,58,10,00c5fcaa
1304715000,58,11,fe2f0505
1304725000,58,12,0232fcab
1304735000,58,13,00c30008
1304745000,58,14,ff47010c
1304755000,58,15,fff4ffe2
1304765000,58,16,fecdffd0
1304775000,58,17,0149ff0f
1304785000,58,18,fe79012d
1304795000,58,19,00db0016
1304805000,58,20,ff43fefc
1304815000,58,21,00ed014c
1304825000,58,22,01cbff80
1304835000,58,23,fcccfeb9
1304845000,58,24,024d018a
1304855000,58,25,fe5cff21
1304865000,58,26,01bd00c0
1304875000,58,27,fe9ffeef
1304885000,58,28,005801dd
1304895000,58,29,feb7fdce
1304905000,58,30,0273008e
1304915000,58,31,fe4a0050
1309195000,59,0,013e0009
1309205000,59,1,0057ffd7
1309215000,59,2,0007ff49
1309225000,59,3,ffc30252
1309235000,59,4,fd9cfe29
1309245000,59,5,0426014b
1309255000,59,6,fd4bff65
1309265000,59,7,00d4ff88
1309275000,59,8,ff71ffcd
1309285000,59,9,00df0217
1309295000,59,10,ffeafdee
1309305000,59,11,fff301e9
1309315000,59,12,ff71fe90
1309325000,59,13,0069ff99
1309335000,59,14,ff0900c4
1309345000,59,15,01e7ff3b
1309355000,59,16,fe9e0123
1309365000,59,17,0075fe6d
1309375000,59,18,ff1f012d
1309385000,59,19,01630124
1309395000,59,20,ff42fdb3
1309405000,59,21,ffbe021f
1309415000,59,22,008d0057
1309425000,59,23,0012fd24
1309435000,59,24,ffdb02fb
1309445000,59,25,ffe9fd25
1309455000,59,26,011c0150
1309465000,59,27,fe43ff01
1309475000,59,28,00a10258
1309485000,59,29,004ffe35
1309495000,59,30,017b0194
1309505000,59,31,fd07fe81
1313785000,60,0,01c70137
1313795000,60,1,fec60090
1313805000,60,2,ffd0fe79
1313815000,60,3,01760086
1313825000,60,4,fd9001a3
1313835000,60,5,0463fd15
1313845000,60,6,fcad018f
1313855000,60,7,015b002f
1313865000,60,8,fef4ffde
1313875000,60,9,002d0089
1313885000,60,10,ff4ffe28
1313895000,60,11,0269043b
1313905000,60,12,fe9ffa86
1313915000,60,13,00880273
1313925000,60,14,ff130085
1313935000,60,15,012ffe54
1313945000,60,16,ff65008d
1313955000,60,17,ffae0120
1313965000,60,18,fef6fdeb
1313975000,60,19,01b60172
1313985000,60,20,ffd0000d
1313995000,60,21,ff29ffa5
1314005000,60,22,005301bb
1314015000,60,23,fed7fde3
1314025000,60,24,0280009a
1314035000,60,25,fe1bff9b
1314045000,60,26,00930024
1314055000,60,27,ffef0011
1314065000,60,28,01310076
1314075000,60,29,fe50ff7f
1314085000,60,30,01050119
1314095000,60,31,fe6bfe56
1318375000,61,0,fe27ff5b
1318385000,61,1,02d50151
1318395000,61,2,fd49ff88
1318405000,61,3,00ffffc7
1318415000,61,4,ff000121
1318425000,61,5,02ebff48
1318435000,61,6,feb9ff83
1318445000,61,7,00190059
1318455000,61,8,fe8800d1
1318465000,61,9,012bfec0
1318475000,61,10,ff0e0004
1318485000,61,11,00120179
1318495000,61,12,0183fdaf
1318505000,61,13,feff00a0
1318515000,61,14,002800fe
1318525000,61,15,0072ffbb
1318535000,61,16,ff31000f
1318545000,61,17,011fff2d
1318555000,61,18,fd9701b2
1318565000,61,19,00f5fe73
1318575000,61,20,02120001
1318585000,61,21,fcc50194
1318595000,61,22,0223fda3
1318605000,61,23,fe1f0247
1318615000,61,24,0350ff5d
1318625000,61,25,fe41ff16
1318635000,61,26,ffa201a2
1318645000,61,27,fff6fefd
1318655000,61,28,0133ffd7
1318665000,61,29,fed90120
1318675000,61,30,00a4fedc
1318685000,61,31,0042ffe5
1322965000,62,0,fefe018c
1322975000,62,1,038a0105
1322985000,62,2,fc42fd55
1322995000,62,3,0267030e
1323005000,62,4,fd17fe95
1323015000,62,5,03d90166
1323025000,62,6,fe38fdfe
1323035000,62,7,ff45003a
1323045000,62,8,0181ff93
1323055000,62,9,ff4401c6
1323065000,62,10,ff1afebd
1323075000,62,11,006100cc
1323085000,62,12,ff86fe4c
1323095000,62,13,02020214
1323105000,62,14,fea1ff50
1323115000,62,15,007cff64
1323125000,62,16,000cffac
1323135000,62,17,ffbc01a9
1323145000,62,18,ff0cff0b
1323155000,62,19,00affff6
1323165000,62,20,ff8100d1
1323175000,62,21,001bfe40
1323185000,62,22,00f80170
1323195000,62,23,ff6bffb6
1323205000,62,24,ffcd00b1
1323215000,62,25,00b2ff88
1323225000,62,26,00a8ffb7
1323235000,62,27,fef900e0
1323245000,62,28,00a2ff2a
1323255000,62,29,fe7eff9a
1323265000,62,30,01e70166
1323275000,62,31,fed4fd5c
1327555000,63,0,001cff08
1327565000,63,1,0035ff34
1327575000,63,2,00270061
1327585000,63,3,ffa00199
1327595000,63,4,0061ff5e
1327605000,63,5,feb20049
1327615000,63,6,01a5ff73
1327625000,63,7,fec1ff63
1327635000,63,8,013d0140
1327645000,63,9,ffa3ff63
1327655000,63,10,ffa8ffa2
1327665000,63,11,ff06011d
1327675000,63,12,005eff2e
1327685000,63,13,0110ff97
1327695000,63,14,003b0082
1327705000,63,15,ffa1ffa3
1327715000,63,16,fddc0060
1327725000,63,17,02e7fffe
1327735000,63,18,fead029b
1327745000,63,19,000cfc77
1327755000,63,20,ff63022c
1327765000,63,21,01defe65
1327775000,63,22,fe71fff5
1327785000,63,23,009b0051
1327795000,63,24,ff930130
1327805000,63,25,0121ff2b
1327815000,63,26,ffa8ff9e
1327825000,63,27,ff2e013b
1327835000,63,28,02eeffa8
1327845000,63,29,fb80ff6b
1327855000,63,30,03a3ff22
1327865000,63,31,fe330151
